{
  "meta_title": "Duo Place | Descontos Incríveis entrega para todo o Brasil",
  "meta_description": "Aproveite as ✓ promoções ✓ e prepare-se para o ❤ Dia das Maes 2022 ❤ O que você deseja ​com Melhor Preço",
  "sections": [
    {
      "type": "banner-slider",
      "autoplay": 9000,
      "full_width": false,
      "slides": [
        {
          "img": "/img/uploads/iphone-green.jpeg",
          "link": "/headset",
          "alt": "Headset banner",
          "start": "2022-04-25T21:05:52.479Z",
          "end": "2022-07-01T03:00:00.000Z",
          "mobile_img": "/img/uploads/iphone-green.jpeg"
        },
        {
          "img": "/img/uploads/gamemax2.jpeg",
          "alt": "Banner sample two",
          "start": "",
          "end": "",
          "mobile_img": "/img/uploads/gamemax2.jpeg"
        }
      ]
    },
    {
      "type": "info-bar",
      "enabled": true
    },
    {
      "type": "collection-shelf",
      "shuffle": true,
      "collection_id": null,
      "sort": "offers",
      "title": "",
      "headless": false,
      "limit": 12,
      "page": 1
    },
    {
      "type": "collection-shelf",
      "shuffle": true,
      "limit": 12,
      "page": 1,
      "collection_id": "62670df13da6d37bc20b70ec:categories:JBL & ÁUDIO:/jbl--audio"
    },
    {
      "type": "collection-shelf",
      "shuffle": true,
      "limit": 12,
      "page": 1,
      "collection_id": "626710913da6d37bc20b7acd:categories:ACESSÓRIOS E TECNOLOGIA:/acessorios-tecnologia"
    },
    {
      "type": "responsive-banner",
      "img": "/img/uploads/jbl3tecvirtual.png"
    }
  ]
}